[
  {
    "absPath": "/Users/faizan/Desktop/firekamp/opacity/static-public-share/public/shortlink/app.07541a900.js",
    "browserPath": "/shortlink/app.07541a900.js",
    "relativePath": "shortlink/app.07541a900.js",
    "type": "js",
    "webIndexed": true
  },
  {
    "absPath": "/Users/faizan/Desktop/firekamp/opacity/static-public-share/public/shortlink/vendor.02f4c4f42.js",
    "browserPath": "/shortlink/vendor.02f4c4f42.js",
    "relativePath": "shortlink/vendor.02f4c4f42.js",
    "type": "js",
    "webIndexed": true
  },
  {
    "absPath": "/Users/faizan/Desktop/firekamp/opacity/static-public-share/public/shortlink/style.060f68d6.css",
    "browserPath": "/shortlink/style.060f68d6.css",
    "relativePath": "shortlink/style.060f68d6.css",
    "type": "css",
    "webIndexed": true
  }
]